{
  "coefficients": [
    0.4632953690514017,
    0.4038954830757331,
    -1.1443086998568064,
    -0.16084912448157648,
    0.532071842000443,
    -0.5446582393407914,
    0.015570494542156088,
    -0.09550650511074438,
    0.07221423750882633,
    0.09555270682620988
  ],
  "xMean": 5.77391304347826,
  "yMean": 0.6956521739130435,
  "zMean": 22.25390625,
  "xScale": 2.2729443443337014,
  "yScale": 2.9256702332627342,
  "zScale": 5.140134549807219
}