{
  "coefficients": [
    -0.4411696700488117,
    0.3490159766932489,
    -1.0829320662764792,
    0.07838063560263991,
    -0.3416704578869496,
    0.5043117925776348,
    0.007014230102319177,
    0.02182041385697403,
    -0.0719669472982955,
    0.05009562721027666
  ],
  "xMean": 5.77391304347826,
  "yMean": 0.6956521739130435,
  "zMean": 0.20298938039499265,
  "xScale": 2.2729443443337014,
  "yScale": 2.9256702332627342,
  "zScale": 0.13623481488020928
}