{
  "coefficients": [
    0.6265089945340289,
    0.39131318722214925,
    -1.0939723124590728,
    -0.2046277371621943,
    0.6904036417216577,
    -0.7334238853838982,
    0.018431683475994734,
    -0.11006201177362532,
    0.07595764369821367,
    0.11998780794295841
  ],
  "xMean": 5.77391304347826,
  "yMean": 0.6956521739130435,
  "zMean": 2.045217391304344,
  "xScale": 2.2729443443337014,
  "yScale": 2.9256702332627342,
  "zScale": 0.5078888064306387
}